{"preds_spade_res_300_vanilla_100": {"mse": 315.12836133603605, "ssim": 0.5561163448985451, "l1": 6327222.809160305, "psnr": 23.251214142233493, "lpips": 0.2674264236147167}, "preds_spade_res_300_masked_no_data_100": {"mse": 210.3271743386941, "ssim": 0.7008368747891786, "l1": 8543151.709923664, "psnr": 25.026703376008275, "lpips": 0.13977883687911144}, "preds_spade_res_300_masked_100": {"mse": 471.02862192258834, "ssim": 0.6411131952223733, "l1": 11525636.954198474, "psnr": 21.672095245015324, "lpips": 0.23260254890636634}}