{"preds_spade_res_300_vanilla_200": {"mse": 303.64557100608897, "ssim": 0.5723304785909528, "l1": 6704645.049618321, "psnr": 23.41610822805347, "lpips": 0.2588615056895118}, "preds_spade_res_300_masked_no_data_200": {"mse": 217.67072007677996, "ssim": 0.696864846858511, "l1": 8645297.484732825, "psnr": 24.87983248111794, "lpips": 0.14327457683686992}, "preds_spade_res_300_masked_200": {"mse": 446.73662131054385, "ssim": 0.6344918387151446, "l1": 11617512.8129771, "psnr": 21.856352216034697, "lpips": 0.23889620772754874}}