{
    "preds_spade_res_300_vanilla_700": {
        "mse": 298.5214984666188,
        "ssim": 0.5682842078430913,
        "l1": 6447492.263358778,
        "psnr": 23.495290039469133,
        "lpips": 0.2632316491986049
    },
    "preds_spade_res_300_masked_no_data_700": {
        "mse": 216.77937398905456,
        "ssim": 0.6868878126513018,
        "l1": 8056235.270992367,
        "psnr": 24.90332979927203,
        "lpips": 0.1479473276959576
    },
    "preds_spade_res_300_masked_700": {
        "mse": 602.9599561642262,
        "ssim": 0.6102291857569007,
        "l1": 11436567.057251908,
        "psnr": 20.73516888415084,
        "lpips": 0.2640417535000175
    },
    "preds_spade_res_300_vanilla_100": {
        "mse": 315.12836133603605,
        "ssim": 0.5561163448985451,
        "l1": 6327222.809160305,
        "psnr": 23.251214142233493,
        "lpips": 0.2674264236147167
    },
    "preds_spade_res_300_masked_no_data_100": {
        "mse": 210.3271743386941,
        "ssim": 0.7008368747891786,
        "l1": 8543151.709923664,
        "psnr": 25.026703376008275,
        "lpips": 0.13977883687911144
    },
    "preds_spade_res_300_vanilla_200": {
        "mse": 303.64557100608897,
        "ssim": 0.5723304785909528,
        "l1": 6704645.049618321,
        "psnr": 23.41610822805347,
        "lpips": 0.2588615056895118
    },
    "preds_spade_res_300_masked_no_data_200": {
        "mse": 217.67072007677996,
        "ssim": 0.696864846858511,
        "l1": 8645297.484732825,
        "psnr": 24.87983248111794,
        "lpips": 0.14327457683686992
    },
    "preds_spade_res_300_vanilla_300": {
        "mse": 305.488730869629,
        "ssim": 0.5732482303042952,
        "l1": 6441553.125954199,
        "psnr": 23.400796854608274,
        "lpips": 0.26303054500399653
    },
    "preds_spade_res_300_masked_no_data_300": {
        "mse": 214.45688654942236,
        "ssim": 0.694815868219222,
        "l1": 8499773.141221374,
        "psnr": 24.947863287480573,
        "lpips": 0.14272827851294562
    },
    "preds_spade_res_300_vanilla_400": {
        "mse": 295.6092296338265,
        "ssim": 0.5815933436701547,
        "l1": 6965351.503816794,
        "psnr": 23.530519328608793,
        "lpips": 0.25045747554484216
    },
    "preds_spade_res_300_masked_no_data_400": {
        "mse": 215.71676616249732,
        "ssim": 0.6855879191942781,
        "l1": 7691606.606870229,
        "psnr": 24.923233681372952,
        "lpips": 0.14811039926441572
    },
    "preds_spade_res_300_vanilla_500": {
        "mse": 291.98133451928595,
        "ssim": 0.5700664106738281,
        "l1": 6433231.969465649,
        "psnr": 23.586171700927977,
        "lpips": 0.26021046538389364
    },
    "preds_spade_res_300_masked_no_data_500": {
        "mse": 214.7175601044626,
        "ssim": 0.6915357757982252,
        "l1": 8316154.083969465,
        "psnr": 24.942075346318685,
        "lpips": 0.14475190357966278
    },
    "preds_spade_res_300_vanilla_600": {
        "mse": 317.1073103971729,
        "ssim": 0.5755004415605447,
        "l1": 6991174.251908397,
        "psnr": 23.23680008772514,
        "lpips": 0.25999381165695556
    },
    "preds_spade_res_300_masked_no_data_600": {
        "mse": 216.45861584398494,
        "ssim": 0.6867362360469681,
        "l1": 7827640.217557251,
        "psnr": 24.910361597559852,
        "lpips": 0.14708941483884366
    },
    "preds_spade_res_300_masked_600": {
        "mse": 471.91663685430336,
        "ssim": 0.6267142118456298,
        "l1": 11240004.622137405,
        "psnr": 21.70003227293643,
        "lpips": 0.2515421252100522
    },
    "preds_spade_res_300_masked_500": {
        "mse": 706.3045114973919,
        "ssim": 0.595584493606892,
        "l1": 12115180.25572519,
        "psnr": 19.941138907078603,
        "lpips": 0.26020847778511413
    },
    "preds_spade_res_300_masked_400": {
        "mse": 563.6180996708379,
        "ssim": 0.6197442215862576,
        "l1": 11542652.923664123,
        "psnr": 20.958317105505593,
        "lpips": 0.2587401013792926
    },
    "preds_spade_res_300_masked_300": {
        "mse": 499.31977836869163,
        "ssim": 0.6268394110696773,
        "l1": 11207601.080152672,
        "psnr": 21.46937079006605,
        "lpips": 0.2600770013136718
    },
    "preds_spade_res_300_masked_200": {
        "mse": 446.73662131054385,
        "ssim": 0.6344918387151446,
        "l1": 11617512.8129771,
        "psnr": 21.856352216034697,
        "lpips": 0.23889620772754874
    },
    "preds_spade_res_300_masked_100": {
        "mse": 471.02862192258834,
        "ssim": 0.6411131952223733,
        "l1": 11525636.954198474,
        "psnr": 21.672095245015324,
        "lpips": 0.23260254890636634
    },
    "preds_spade_test_6_single_channel_700": {
        "mse": 311.6366898821493,
        "ssim": 0.5147223150630948,
        "l1": 4976323.488549618,
        "psnr": 23.301837687618896,
        "lpips": 0.29547813500611836
    }
}