{"preds_spade_res_300_vanilla_400": {"mse": 295.6092296338265, "ssim": 0.5815933436701547, "l1": 6965351.503816794, "psnr": 23.530519328608793, "lpips": 0.25045747554484216}, "preds_spade_res_300_masked_no_data_400": {"mse": 215.71676616249732, "ssim": 0.6855879191942781, "l1": 7691606.606870229, "psnr": 24.923233681372952, "lpips": 0.14811039926441572}, "preds_spade_res_300_masked_400": {"mse": 563.6180996708379, "ssim": 0.6197442215862576, "l1": 11542652.923664123, "psnr": 20.958317105505593, "lpips": 0.2587401013792926}}