{"preds_spade_res_300_vanilla_500": {"mse": 291.98133451928595, "ssim": 0.5700664106738281, "l1": 6433231.969465649, "psnr": 23.586171700927977, "lpips": 0.26021046538389364}, "preds_spade_res_300_masked_no_data_500": {"mse": 214.7175601044626, "ssim": 0.6915357757982252, "l1": 8316154.083969465, "psnr": 24.942075346318685, "lpips": 0.14475190357966278}, "preds_spade_res_300_masked_500": {"mse": 706.3045114973919, "ssim": 0.595584493606892, "l1": 12115180.25572519, "psnr": 19.941138907078603, "lpips": 0.26020847778511413}}