{"preds_spade_res_300_vanilla_600": {"mse": 317.1073103971729, "ssim": 0.5755004415605447, "l1": 6991174.251908397, "psnr": 23.23680008772514, "lpips": 0.25999381165695556}, "preds_spade_res_300_masked_no_data_600": {"mse": 216.45861584398494, "ssim": 0.6867362360469681, "l1": 7827640.217557251, "psnr": 24.910361597559852, "lpips": 0.14708941483884366}, "preds_spade_res_300_masked_600": {"mse": 471.91663685430336, "ssim": 0.6267142118456298, "l1": 11240004.622137405, "psnr": 21.70003227293643, "lpips": 0.2515421252100522}}