{
    "preds_spade_res_300_vanilla_700": {
        "mse": 1.137884246349893e-05,
        "ssim": 3.5004336566701505e-08,
        "l1": 0.2828556569436506,
        "psnr": 1.4746906891629779e-06,
        "lpips": 1.7476948953637984e-08
    },
    "preds_spade_res_300_masked_no_data_700": {
        "mse": 8.913627997526712e-06,
        "ssim": 3.9469806776720676e-08,
        "l1": 0.35879853670544953,
        "psnr": 1.5366566793445689e-06,
        "lpips": 1.2174879920423598e-08
    },
    "preds_spade_res_300_masked_700": {
        "mse": 2.2118347012930134e-05,
        "ssim": 3.585600220749782e-08,
        "l1": 0.5820192153619396,
        "psnr": 1.3060176231405748e-06,
        "lpips": 1.7142812596974114e-08
    }
}