{
    "preds_spade_res_300_vanilla_700": {
        "mse": 54.99140786336856,
        "ssim": 0.683140612401852,
        "l1": 2243323.523809524,
        "psnr": 26.67008239851194,
        "lpips": 0.13308763628204665
    },
    "preds_spade_res_300_masked_no_data_700": {
        "mse": 54.129224653030874,
        "ssim": 0.7069025683087847,
        "l1": 2701107.8095238097,
        "psnr": 26.75359591196043,
        "lpips": 0.09090786746570043
    },
    "preds_spade_res_300_masked_700": {
        "mse": 220.15880161355835,
        "ssim": 0.6345947237435424,
        "l1": 3461998.3095238097,
        "psnr": 21.841655607197218,
        "lpips": 0.14327978041200412
    }
}