{
    "preds_spade_res_300_vanilla_700": {
        "mse": 298.5214984666188,
        "ssim": 0.5682842078430913,
        "l1": 6447492.263358778,
        "psnr": 23.495290039469133,
        "lpips": 0.2632316491986049
    },
    "preds_spade_res_300_masked_no_data_700": {
        "mse": 216.77937398905456,
        "ssim": 0.6868878126513018,
        "l1": 8056235.270992367,
        "psnr": 24.90332979927203,
        "lpips": 0.1479473276959576
    },
    "preds_spade_res_300_masked_700": {
        "mse": 602.9599561642262,
        "ssim": 0.6102291857569007,
        "l1": 11436567.057251908,
        "psnr": 20.73516888415084,
        "lpips": 0.2640417535000175
    }
}