{
    "preds_spade_res_600_masked_no_data_700": {
        "mse": 406.9009495925485,
        "ssim": 0.5557050236758134,
        "l1": 12581269.835877862,
        "psnr": 22.139076742652804,
        "lpips": 0.22233163303773823
    },
    "preds_spade_res_600_masked_700": {
        "mse": 898.1846962052359,
        "ssim": 0.4940439047096022,
        "l1": 14973498.946564885,
        "psnr": 18.881595450887872,
        "lpips": 0.3673873663176107
    },
    "preds_spade_res_600_vanilla_700": {
        "mse": 543.9600044674805,
        "ssim": 0.48339170130434933,
        "l1": 11901768.309160305,
        "psnr": 20.849715024771573,
        "lpips": 0.309923457962866
    },
    "preds_spade_res_600_masked_no_data_100": {
        "mse": 380.8954143247832,
        "ssim": 0.5660655350594416,
        "l1": 13717702.900763359,
        "psnr": 22.416976483731446,
        "lpips": 0.2140484711596074
    },
    "preds_spade_res_600_masked_100": {
        "mse": 588.8631858605795,
        "ssim": 0.5348438025136825,
        "l1": 14454458.534351146,
        "psnr": 20.662179225878283,
        "lpips": 0.3350206540741083
    },
    "preds_spade_res_600_vanilla_100": {
        "mse": 497.2553753345478,
        "ssim": 0.4989871169251937,
        "l1": 11369699.209923664,
        "psnr": 21.24929145624181,
        "lpips": 0.28985100614888065
    },
    "preds_spade_res_600_masked_no_data_200": {
        "mse": 381.97384264640345,
        "ssim": 0.5646099085228404,
        "l1": 12293647.3129771,
        "psnr": 22.409215782435258,
        "lpips": 0.21990184372163002
    },
    "preds_spade_res_600_masked_200": {
        "mse": 663.0449785647651,
        "ssim": 0.5297753949136953,
        "l1": 15525522.774809161,
        "psnr": 20.202980280212476,
        "lpips": 0.3152522760948152
    },
    "preds_spade_res_600_vanilla_200": {
        "mse": 524.3358635047381,
        "ssim": 0.48971759920328417,
        "l1": 11575799.354961833,
        "psnr": 21.00733525819446,
        "lpips": 0.3139172203213204
    },
    "preds_spade_res_600_masked_no_data_300": {
        "mse": 383.30319106896377,
        "ssim": 0.5679950150241475,
        "l1": 13239963.04961832,
        "psnr": 22.395349595811666,
        "lpips": 0.21404702421135574
    },
    "preds_spade_res_600_masked_300": {
        "mse": 747.1465707503481,
        "ssim": 0.5145221803324637,
        "l1": 15384640.6870229,
        "psnr": 19.661317926353966,
        "lpips": 0.33854919711824594
    },
    "preds_spade_res_600_vanilla_300": {
        "mse": 512.5422209433484,
        "ssim": 0.4830897202874855,
        "l1": 10760547.958015267,
        "psnr": 21.11935683139058,
        "lpips": 0.31331738107304535
    },
    "preds_spade_res_600_masked_no_data_400": {
        "mse": 393.29278335297914,
        "ssim": 0.5610192884082598,
        "l1": 12422519.347328244,
        "psnr": 22.288034251872766,
        "lpips": 0.2187139208478327
    },
    "preds_spade_res_600_masked_400": {
        "mse": 731.8192999192461,
        "ssim": 0.5129521654413087,
        "l1": 14914987.30534351,
        "psnr": 19.774320350552806,
        "lpips": 0.341468887929698
    },
    "preds_spade_res_600_vanilla_400": {
        "mse": 521.1783482066792,
        "ssim": 0.4906546978336695,
        "l1": 11696804.030534351,
        "psnr": 21.039629462654304,
        "lpips": 0.3013664060307823
    },
    "preds_spade_res_600_masked_no_data_500": {
        "mse": 389.7269324953265,
        "ssim": 0.5643020627099982,
        "l1": 13184988.396946564,
        "psnr": 22.325213421018123,
        "lpips": 0.21769406950769535
    },
    "preds_spade_res_600_masked_500": {
        "mse": 803.4604364202892,
        "ssim": 0.5074774717061221,
        "l1": 14893008.080152672,
        "psnr": 19.42186486269224,
        "lpips": 0.35129807320714906
    },
    "preds_spade_res_600_vanilla_500": {
        "mse": 534.1737931716997,
        "ssim": 0.4845317492932978,
        "l1": 11048379.122137405,
        "psnr": 20.93489099741439,
        "lpips": 0.30815020522088493
    },
    "preds_spade_res_600_masked_no_data_600": {
        "mse": 394.7657635580772,
        "ssim": 0.5606669716507083,
        "l1": 12600917.977099236,
        "psnr": 22.269222625397646,
        "lpips": 0.21776839809222076
    },
    "preds_spade_res_600_masked_600": {
        "mse": 836.5057357452908,
        "ssim": 0.5027180418126144,
        "l1": 15024086.965648854,
        "psnr": 19.249752266091996,
        "lpips": 0.3554498063016484
    },
    "preds_spade_res_600_vanilla_600": {
        "mse": 540.9723100069435,
        "ssim": 0.481718375384255,
        "l1": 10766318.851145038,
        "psnr": 20.877939834752603,
        "lpips": 0.3222419061619817
    },
    "preds_spade_test_6_single_channel_700": {
        "mse": 721.2660787082904,
        "ssim": 0.4178954648367146,
        "l1": 6167288.961832061,
        "psnr": 19.64519069415558,
        "lpips": 0.4128752868366605
    }
}