{
    "preds_spade_res_600_masked_no_data_700": {
        "mse": 107.53432312490797,
        "ssim": 0.6786381862565798,
        "l1": 3724490.25,
        "psnr": 24.819357864645436,
        "lpips": 0.1058837345872934
    },
    "preds_spade_res_600_masked_700": {
        "mse": 317.4621529332135,
        "ssim": 0.6266296495260082,
        "l1": 3525641.2115384615,
        "psnr": 20.803056419934503,
        "lpips": 0.16070048654308686
    },
    "preds_spade_res_600_vanilla_700": {
        "mse": 118.54754696161822,
        "ssim": 0.6624455656771274,
        "l1": 3412605.2884615385,
        "psnr": 24.40702964555774,
        "lpips": 0.14062761343442476
    }
}