{
    "preds_spade_res_600_masked_no_data_700": {
        "mse": 406.9009495925485,
        "ssim": 0.5557050236758134,
        "l1": 12581269.835877862,
        "psnr": 22.139076742652804,
        "lpips": 0.22233163303773823
    },
    "preds_spade_res_600_masked_700": {
        "mse": 898.1846962052359,
        "ssim": 0.4940439047096022,
        "l1": 14973498.946564885,
        "psnr": 18.881595450887872,
        "lpips": 0.3673873663176107
    },
    "preds_spade_res_600_vanilla_700": {
        "mse": 543.9600044674805,
        "ssim": 0.48339170130434933,
        "l1": 11901768.309160305,
        "psnr": 20.849715024771573,
        "lpips": 0.309923457962866
    }
}