{
    "preds_spade_res_600_masked_no_data_700": {
        "mse": 1.7459636786105928e-05,
        "ssim": 1.723653812226492e-08,
        "l1": 0.44735483296970374,
        "psnr": 6.641588675336265e-07,
        "lpips": 6.297370886346227e-09
    },
    "preds_spade_res_600_masked_700": {
        "mse": 2.1831090371291273e-05,
        "ssim": 1.4780644275945918e-08,
        "l1": 0.37602383499961783,
        "psnr": 6.331146544932382e-07,
        "lpips": 1.1940506578949513e-08
    },
    "preds_spade_res_600_vanilla_700": {
        "mse": 2.1037703619211715e-05,
        "ssim": 1.5550792032229453e-08,
        "l1": 0.4626715015983927,
        "psnr": 6.382578772959731e-07,
        "lpips": 8.125962300463652e-09
    }
}