{
    "preds_spade_test_7_lidar_data_masked_100": {
        "mse": 40.78667480299855,
        "ssim": 0.7573629785030748,
        "l1": 1974625.593220339,
        "psnr": 30.622589973258727,
        "lpips": 0.17135070213827036
    },
    "preds_spade_test_8_lidar_data_vanilla_100": {
        "mse": 32.1781513394884,
        "ssim": 0.7264093207059817,
        "l1": 1167534.059322034,
        "psnr": 31.263218602799235,
        "lpips": 0.18977880206401065
    },
    "preds_spade_test_8_lidar_data_masked_no_data_100": {
        "mse": 21.79699223563563,
        "ssim": 0.8256311940535094,
        "l1": 2145050.9025423727,
        "psnr": 32.86749771724315,
        "lpips": 0.06266064402031696
    }
}