{
    "preds_spade_test_7_lidar_data_masked_200": {
        "mse": 44.56447328708033,
        "ssim": 0.7791276739107987,
        "l1": 2544453.7330508474,
        "psnr": 30.411193600704202,
        "lpips": 0.13324227869131808
    },
    "preds_spade_test_8_lidar_data_vanilla_200": {
        "mse": 30.768228357368518,
        "ssim": 0.7370095706207234,
        "l1": 1272862.5381355933,
        "psnr": 31.443108319309705,
        "lpips": 0.17893433526663458
    },
    "preds_spade_test_8_lidar_data_masked_no_data_200": {
        "mse": 21.10063586767797,
        "ssim": 0.8320782847097904,
        "l1": 2214475.2923728814,
        "psnr": 33.00569255657785,
        "lpips": 0.05686505786064318
    }
}