{
    "preds_spade_test_7_lidar_data_masked_300": {
        "mse": 44.9466038231865,
        "ssim": 0.7892059080094154,
        "l1": 2851269.563559322,
        "psnr": 30.277131902728563,
        "lpips": 0.11484925660415221
    },
    "preds_spade_test_8_lidar_data_vanilla_300": {
        "mse": 31.238000733181924,
        "ssim": 0.7368604237986631,
        "l1": 1364616.5720338982,
        "psnr": 31.386043712245524,
        "lpips": 0.1805824235839359
    },
    "preds_spade_test_8_lidar_data_masked_no_data_300": {
        "mse": 19.376725515169657,
        "ssim": 0.8372563974329784,
        "l1": 2033545.8940677966,
        "psnr": 33.367999817345385,
        "lpips": 0.05586903166594142
    }
}