{
    "preds_spade_test_8_lidar_data_vanilla_400": {
        "mse": 31.727307821383974,
        "ssim": 0.7370249177007994,
        "l1": 1416731.0127118644,
        "psnr": 31.325226509492083,
        "lpips": 0.18039518493717
    },
    "preds_spade_test_6_lidar_data_400": {
        "mse": 35.92320447279812,
        "ssim": 0.6973125667718296,
        "l1": 975583.8728813559,
        "psnr": 30.793627946709446,
        "lpips": 0.21176506774657863
    },
    "preds_spade_test_7_lidar_data_masked_400": {
        "mse": 46.26438795608945,
        "ssim": 0.787831771951005,
        "l1": 2934953.0084745763,
        "psnr": 30.18314343515225,
        "lpips": 0.11335958774059506
    },
    "preds_spade_test_8_lidar_data_masked_no_data_400": {
        "mse": 18.725678767517998,
        "ssim": 0.8415110720168346,
        "l1": 2088167.3516949152,
        "psnr": 33.51361068456629,
        "lpips": 0.05233675085986823
    }
}