{
    "preds_spade_test_7_lidar_data_masked_100": {
        "mse": 40.78667480299855,
        "ssim": 0.7573629785030748,
        "l1": 1974625.593220339,
        "psnr": 30.622589973258727,
        "lpips": 0.17135070213827036
    },
    "preds_spade_test_7_lidar_data_masked_200": {
        "mse": 44.56447328708033,
        "ssim": 0.7791276739107987,
        "l1": 2544453.7330508474,
        "psnr": 30.411193600704202,
        "lpips": 0.13324227869131808
    },
    "preds_spade_test_7_lidar_data_masked_300": {
        "mse": 44.9466038231865,
        "ssim": 0.7892059080094154,
        "l1": 2851269.563559322,
        "psnr": 30.277131902728563,
        "lpips": 0.11484925660415221
    },
    "preds_spade_test_7_lidar_data_masked_400": {
        "mse": 46.26438795608945,
        "ssim": 0.787831771951005,
        "l1": 2934953.0084745763,
        "psnr": 30.18314343515225,
        "lpips": 0.11335958774059506
    },
    "preds_spade_test_7_lidar_data_masked_500": {
        "mse": 41.28596767345046,
        "ssim": 0.7893370232808881,
        "l1": 2977776.305084746,
        "psnr": 30.52434936270177,
        "lpips": 0.11030925571981628
    },
    "preds_spade_test_7_lidar_data_masked_600": {
        "mse": 42.81339145952014,
        "ssim": 0.7896991391742259,
        "l1": 3075476.275423729,
        "psnr": 30.39317958595492,
        "lpips": 0.10665029255768001
    },
    "preds_spade_test_7_lidar_data_masked_700": {
        "mse": 38.841953843656796,
        "ssim": 0.7939131371542425,
        "l1": 3077162.5211864407,
        "psnr": 30.72202964175299,
        "lpips": 0.10376047347751209
    },
    "preds_spade_test_8_lidar_data_masked_no_data_100": {
        "mse": 21.79699223563563,
        "ssim": 0.8256311940535094,
        "l1": 2145050.9025423727,
        "psnr": 32.86749771724315,
        "lpips": 0.06266064402031696
    },
    "preds_spade_test_8_lidar_data_masked_no_data_200": {
        "mse": 21.10063586767797,
        "ssim": 0.8320782847097904,
        "l1": 2214475.2923728814,
        "psnr": 33.00569255657785,
        "lpips": 0.05686505786064318
    },
    "preds_spade_test_8_lidar_data_masked_no_data_300": {
        "mse": 19.376725515169657,
        "ssim": 0.8372563974329784,
        "l1": 2033545.8940677966,
        "psnr": 33.367999817345385,
        "lpips": 0.05586903166594142
    },
    "preds_spade_test_8_lidar_data_masked_no_data_400": {
        "mse": 18.725678767517998,
        "ssim": 0.8415110720168346,
        "l1": 2088167.3516949152,
        "psnr": 33.51361068456629,
        "lpips": 0.05233675085986823
    },
    "preds_spade_test_8_lidar_data_masked_no_data_500": {
        "mse": 19.87700651756666,
        "ssim": 0.8328493399696225,
        "l1": 2048132.9110169492,
        "psnr": 33.262131716221546,
        "lpips": 0.059249943351152086
    },
    "preds_spade_test_8_lidar_data_masked_no_data_600": {
        "mse": 19.788779724184437,
        "ssim": 0.834424732785057,
        "l1": 2108421.1694915253,
        "psnr": 33.28003914407833,
        "lpips": 0.05823751897314342
    },
    "preds_spade_test_8_lidar_data_masked_no_data_700": {
        "mse": 20.128648618726487,
        "ssim": 0.8347715313688917,
        "l1": 2218670.1398305083,
        "psnr": 33.21081654050661,
        "lpips": 0.059058225192761014
    },
    "preds_spade_test_8_lidar_data_vanilla_100": {
        "mse": 32.1781513394884,
        "ssim": 0.7264093207059817,
        "l1": 1167534.059322034,
        "psnr": 31.263218602799235,
        "lpips": 0.18977880206401065
    },
    "preds_spade_test_8_lidar_data_vanilla_200": {
        "mse": 30.768228357368518,
        "ssim": 0.7370095706207234,
        "l1": 1272862.5381355933,
        "psnr": 31.443108319309705,
        "lpips": 0.17893433526663458
    },
    "preds_spade_test_8_lidar_data_vanilla_300": {
        "mse": 31.238000733181924,
        "ssim": 0.7368604237986631,
        "l1": 1364616.5720338982,
        "psnr": 31.386043712245524,
        "lpips": 0.1805824235839359
    },
    "preds_spade_test_8_lidar_data_vanilla_400": {
        "mse": 31.727307821383974,
        "ssim": 0.7370249177007994,
        "l1": 1416731.0127118644,
        "psnr": 31.325226509492083,
        "lpips": 0.18039518493717
    },
    "preds_spade_test_8_lidar_data_vanilla_500": {
        "mse": 30.54417813702548,
        "ssim": 0.7375936342270208,
        "l1": 1287747.6440677966,
        "psnr": 31.481132041005175,
        "lpips": 0.17820797286043732
    },
    "preds_spade_test_8_lidar_data_vanilla_600": {
        "mse": 30.541914009297457,
        "ssim": 0.7351693792558146,
        "l1": 1211023.3347457626,
        "psnr": 31.483654635588135,
        "lpips": 0.1870534262793549
    },
    "preds_spade_test_8_lidar_data_vanilla_700": {
        "mse": 30.825400606813165,
        "ssim": 0.7390825973092353,
        "l1": 1440527.4491525423,
        "psnr": 31.440010664697127,
        "lpips": 0.17635505671723414
    },
    "preds_spade_test_6_single_channel_700": {
        "mse": 19.027475721899595,
        "ssim": 0.836193459347506,
        "l1": 1942385.4449152541,
        "psnr": 33.44396893218811,
        "lpips": 0.06196368872424809
    }
}