{"preds_spade_test_7_lidar_data_masked_500": {"mse": 41.28596767345046, "ssim": 0.7893370232808881, "l1": 2977776.305084746, "psnr": 30.52434936270177, "lpips": 0.11030925571981628}, "preds_spade_test_8_lidar_data_vanilla_500": {"mse": 30.54417813702548, "ssim": 0.7375936342270208, "l1": 1287747.6440677966, "psnr": 31.481132041005175, "lpips": 0.17820797286043732}, "preds_spade_test_8_lidar_data_masked_no_data_500": {"mse": 19.87700651756666, "ssim": 0.8328493399696225, "l1": 2048132.9110169492, "psnr": 33.262131716221546, "lpips": 0.059249943351152086}, "preds_spade_test_6_single_channel_latest": {"mse": 34.39394971648948, "ssim": 0.7746095797603325, "l1": 2410876.5127118644, "psnr": 30.93936168831493, "lpips": 0.11203416493737091}}